<?xml version="1.0" encoding="UTF-8"?>
<project name="NWI" basedir="." default="all">
<target name="c.configure.1" depends="gluegen.cpptasks.detect.os,gluegen.cpptasks.setup.compiler">
      <linker id="linker.cfg.linux.nwi.x11" extends="linker.cfg.linux">
        <syslibset dir="/devtools/i686-unknown-linux-gnu/xfree86-4.3.0-linux-ix86-glibc23/lib" libs="X11"/>
        <syslibset dir="/devtools/i686-unknown-linux-gnu/xfree86-4.3.0-linux-ix86-glibc23/lib" libs="Xxf86vm"/>
      </linker>

      <linker id="linker.cfg.linux.nwi.gl2" extends="linker.cfg.linux.nwi.x11">
        <syslibset dir="/devtools/i686-unknown-linux-gnu/xfree86-4.3.0-linux-ix86-glibc23/lib" libs="GL"/>
      </linker>
</target>
</project>

