<?xml version="1.0" encoding="utf-8"?>
<manifest xmlns:android="http://schemas.android.com/apk/res/android"
      sharedUserId="com.jogamp.Community" 
      package="javax.media.opengl">

    <uses-sdk android:minSdkVersion="9" />
    <uses-library android:name="com.jogamp.common" android:required="true" />

    <application android:icon="@drawable/icon" 
                 android:label="@string/app_name"
                 android:description="@string/app_descr"
                 android:persistent="false"
                 >
        <activity android:name="jogamp.newt.driver.android.NewtVersionActivity"
                  android:finishOnTaskLaunch="true"
                  android:launchMode="singleTop"
                  android:configChanges="keyboardHidden|orientation"
                  android:label="@string/activity_v_name"
                  android:description="@string/activity_v_descr"
                  >
            <intent-filter>
                <action android:name="android.intent.action.MAIN" />
                <category android:name="android.intent.category.LAUNCHER" />
            </intent-filter>
        </activity>
    </application>

</manifest>
