<?xml version="1.0" encoding="UTF-8"?>
<project xmlns="http://www.netbeans.org/ns/project/1">
    <type>org.netbeans.modules.ant.freeform</type>
    <configuration>
        <general-data xmlns="http://www.netbeans.org/ns/freeform-project/1">
            <name>JOGL</name>
        </general-data>
        <general-data xmlns="http://www.netbeans.org/ns/freeform-project/2">
            <!-- Do not use Project Properties customizer when editing this file manually. -->
            <name>JOGL</name>
            <properties>
                <property name="ant.script">make/build.xml</property>
            </properties>
            <folders>
                <source-folder>
                    <label>JOGL</label>
                    <location>.</location>
                    <encoding>UTF-8</encoding>
                </source-folder>
                <source-folder>
                    <label>nativewindow gensrc</label>
                    <type>java</type>
                    <location>build/nativewindow/gensrc/classes</location>
                    <encoding>UTF-8</encoding>
                </source-folder>
                <source-folder>
                    <label>nativewindow</label>
                    <type>java</type>
                    <location>src/nativewindow/classes</location>
                    <encoding>UTF-8</encoding>
                </source-folder>
                <source-folder>
                    <label>jogl gensrc</label>
                    <type>java</type>
                    <location>build/jogl/gensrc/classes</location>
                    <encoding>UTF-8</encoding>
                </source-folder>
                <source-folder>
                    <label>jogl</label>
                    <type>java</type>
                    <location>src/jogl/classes</location>
                    <encoding>UTF-8</encoding>
                </source-folder>
                <source-folder>
                    <label>newt</label>
                    <type>java</type>
                    <location>src/newt/classes</location>
                    <encoding>UTF-8</encoding>
                </source-folder>
                <source-folder>
                    <label>src/test</label>
                    <type>java</type>
                    <location>src/test</location>
                    <encoding>UTF-8</encoding>
                </source-folder>
            </folders>
            <ide-actions>
                <action name="build">
                    <script>${ant.script}</script>
                    <target>all.but-archives</target>
                </action>
                <action name="clean">
                    <script>${ant.script}</script>
                    <target>clean</target>
                </action>
                <action name="rebuild">
                    <script>${ant.script}</script>
                    <target>clean</target>
                    <target>all.but-archives</target>
                </action>
                <action name="compile.single">
                    <script>nbproject/ide-file-targets.xml</script>
                    <target>compile-selected-files-in-classes</target>
                    <context>
                        <property>files</property>
                        <folder>src/classes</folder>
                        <pattern>\.java$</pattern>
                        <format>relative-path</format>
                        <arity>
                            <separated-files>,</separated-files>
                        </arity>
                    </context>
                </action>
                <action name="test">
                    <script>${ant.script}</script>
                    <target>junit.run</target>
                </action>
                <action name="javadoc">
                    <script>${ant.script}</script>
                    <target>javadoc</target>
                </action>
                <action name="run.single">
                    <script>nbproject/ide-file-targets.xml</script>
                    <target>run-selected-file-in-junit</target>
                    <context>
                        <property>run.class</property>
                        <folder>src/test</folder>
                        <pattern>\.java$</pattern>
                        <format>java-name</format>
                        <arity>
                            <one-file-only/>
                        </arity>
                    </context>
                </action>
                <action name="debug.single">
                    <script>nbproject/ide-file-targets.xml</script>
                    <target>debug-selected-file-in-junit</target>
                    <context>
                        <property>debug.class</property>
                        <folder>src/test</folder>
                        <pattern>\.java$</pattern>
                        <format>java-name</format>
                        <arity>
                            <one-file-only/>
                        </arity>
                    </context>
                </action>
                <action name="debug.test.single">
                    <script>nbproject/ide-file-targets.xml</script>
                    <target>debug-selected-file-in-junit</target>
                    <context>
                        <property>debug.class</property>
                        <folder>src/test</folder>
                        <pattern>\.java$</pattern>
                        <format>java-name</format>
                        <arity>
                            <one-file-only/>
                        </arity>
                    </context>
                </action>
                <action name="compile.single">
                    <script>nbproject/ide-file-targets.xml</script>
                    <target>compile-selected-files-in-junit</target>
                    <context>
                        <property>files</property>
                        <folder>src/test</folder>
                        <pattern>\.java$</pattern>
                        <format>relative-path</format>
                        <arity>
                            <separated-files>,</separated-files>
                        </arity>
                    </context>
                </action>
            </ide-actions>
            <export>
                <type>folder</type>
                <location>bin</location>
                <script>${ant.script}</script>
                <build-target>all.but-archives</build-target>
            </export>
            <export>
                <type>folder</type>
                <location>bin</location>
                <script>${ant.script}</script>
                <build-target>all.but-archives</build-target>
            </export>
            <view>
                <items>
                    <source-folder style="packages">
                        <label>nativewindow gensrc</label>
                        <location>build/nativewindow/gensrc/classes</location>
                    </source-folder>
                    <source-folder style="packages">
                        <label>nativewindow</label>
                        <location>src/nativewindow/classes</location>
                    </source-folder>
                    <source-folder style="packages">
                        <label>jogl gensrc</label>
                        <location>build/jogl/gensrc/classes</location>
                    </source-folder>
                    <source-folder style="packages">
                        <label>jogl</label>
                        <location>src/jogl/classes</location>
                    </source-folder>
                    <source-folder style="packages">
                        <label>newt</label>
                        <location>src/newt/classes</location>
                    </source-folder>
                    <source-folder style="packages">
                        <label>src/test</label>
                        <location>src/test</location>
                    </source-folder>
                    <source-file>
                        <location>${ant.script}</location>
                    </source-file>
                </items>
                <context-menu>
                    <ide-action name="build"/>
                    <ide-action name="rebuild"/>
                    <ide-action name="clean"/>
                    <ide-action name="javadoc"/>
                    <ide-action name="test"/>
                </context-menu>
            </view>
            <subprojects/>
        </general-data>
        <java-data xmlns="http://www.netbeans.org/ns/freeform-project-java/2">
            <compilation-unit>
                <package-root>src/newt/classes</package-root>
                <package-root>src/jogl/classes</package-root>
                <package-root>src/nativewindow/classes</package-root>
                <package-root>build/jogl/gensrc/classes</package-root>
                <package-root>build/nativewindow/gensrc/classes</package-root>
                <classpath mode="compile">../gluegen/build/gluegen.jar:../gluegen/build/gluegen-rt.jar:make/lib/swt/gtk-linux-x86_64/swt-debug.jar</classpath>
                <built-to>bin</built-to>
                <source-level>1.5</source-level>
            </compilation-unit>
            <compilation-unit>
                <package-root>src/test</package-root>
                <unit-tests/>
                <classpath mode="compile">build/jogl/classes:build/jogl/gensrc/classes:build/newt/classes:build/nativewindow/classes:build/nativewindow/gensrc/classes:build/test/build/classes:${jdk.home}/lib/tools.jar:${ant.core.lib}:${ant.home}/lib/ant-junit.jar:../gluegen/make/lib/antlr.jar:../gluegen/make/lib/junit.jar:../gluegen/build/gluegen-rt.jar:make/lib/swt/gtk-linux-x86_64/swt-debug.jar</classpath>
                <built-to>bin</built-to>
                <source-level>1.5</source-level>
            </compilation-unit>
        </java-data>
    </configuration>
</project>
